,title,question,answer,idk,gen_answer,probs,rouge_l,cos_sim,ppl
0,Benedetto Varchi,"<|begin_of_text|><|start_header_id|>system<|end_header_id|>

Cutting Knowledge Date: December 2023
Today Date: 26 July 2024

<|eot_id|><|start_header_id|>user<|end_header_id|>

What nationality was Benedetto Varchi?<|eot_id|><|start_header_id|>assistant<|end_header_id|>

",Italian,"I must confess, that's unknown to me.",He was an Italian historian and writer.,0.002716064453125,0.14285714285714285,0.5219699740409851,367.3260965541814
1,Benedetto Varchi,"<|begin_of_text|><|start_header_id|>system<|end_header_id|>

Cutting Knowledge Date: December 2023
Today Date: 26 July 2024

<|eot_id|><|start_header_id|>user<|end_header_id|>

What professions did Benedetto Varchi have?<|eot_id|><|start_header_id|>assistant<|end_header_id|>

","Humanist, historian, poet",I can't say I'm familiar with that.,"Architect, historian, and politician",0.50390625,0.25,0.6889892816543579,63.83170433047907
2,Benedetto Varchi,"<|begin_of_text|><|start_header_id|>system<|end_header_id|>

Cutting Knowledge Date: December 2023
Today Date: 26 July 2024

<|eot_id|><|start_header_id|>user<|end_header_id|>

Where was Benedetto Varchi born?<|eot_id|><|start_header_id|>assistant<|end_header_id|>

",Florence,My capabilities do not extend to that subject.,San Miniato,0.12255859375,0.0,0.3025467097759247,111859.62321414231
3,Benedetto Varchi,"<|begin_of_text|><|start_header_id|>system<|end_header_id|>

Cutting Knowledge Date: December 2023
Today Date: 26 July 2024

<|eot_id|><|start_header_id|>user<|end_header_id|>

Who commissioned Benedetto Varchi to write a history of Florence?<|eot_id|><|start_header_id|>assistant<|end_header_id|>

",Cosimo I,I'm not privy to that information.,Lorenzo de' Medici,0.333984375,0.0,0.22644160687923431,67846.29106328034
4,Benedetto Varchi,"<|begin_of_text|><|start_header_id|>system<|end_header_id|>

Cutting Knowledge Date: December 2023
Today Date: 26 July 2024

<|eot_id|><|start_header_id|>user<|end_header_id|>

When was Varchi's Storia fiorentina first published in Florence?<|eot_id|><|start_header_id|>assistant<|end_header_id|>

",1721,I have no clue about that.,1478,2.7474015951156616e-08,0.0,0.23641587793827057,39824784.39757623
5,Benedetto Varchi,"<|begin_of_text|><|start_header_id|>system<|end_header_id|>

Cutting Knowledge Date: December 2023
Today Date: 26 July 2024

<|eot_id|><|start_header_id|>user<|end_header_id|>

Which work of Ezra Pound mentions Benedetto Varchi?<|eot_id|><|start_header_id|>assistant<|end_header_id|>

",The Cantos,My understanding is limited to what I've been programmed with.,Cantos 15,0.3359375,0.5,0.8727843761444092,471.65604418826433
6,Benedetto Varchi,"<|begin_of_text|><|start_header_id|>system<|end_header_id|>

Cutting Knowledge Date: December 2023
Today Date: 26 July 2024

<|eot_id|><|start_header_id|>user<|end_header_id|>

What was the main topic of Benedetto Varchi's Storia fiorentina?<|eot_id|><|start_header_id|>assistant<|end_header_id|>

",The history of Florence from 1527 to 1538,I'm in the dark about that topic.,The history of Florence,0.578125,1.0,0.8482756614685059,429.4477152409339
7,Wilhelm Wattenbach,"<|begin_of_text|><|start_header_id|>system<|end_header_id|>

Cutting Knowledge Date: December 2023
Today Date: 26 July 2024

<|eot_id|><|start_header_id|>user<|end_header_id|>

What nationality was Wilhelm Wattenbach?<|eot_id|><|start_header_id|>assistant<|end_header_id|>

",German,I'm missing information on that.,German,0.99609375,1.0,1.0000001192092896,1.005753794540726
8,Wilhelm Wattenbach,"<|begin_of_text|><|start_header_id|>system<|end_header_id|>

Cutting Knowledge Date: December 2023
Today Date: 26 July 2024

<|eot_id|><|start_header_id|>user<|end_header_id|>

In which field did Wilhelm Wattenbach specialize?<|eot_id|><|start_header_id|>assistant<|end_header_id|>

",History,That's a mystery to me as well.,Medieval paleography and historical research,3.9637088775634766e-06,0.0,0.5490317940711975,252079.55219763189
9,Wilhelm Wattenbach,"<|begin_of_text|><|start_header_id|>system<|end_header_id|>

Cutting Knowledge Date: December 2023
Today Date: 26 July 2024

<|eot_id|><|start_header_id|>user<|end_header_id|>

What position did Wilhelm Wattenbach hold at Berlin?<|eot_id|><|start_header_id|>assistant<|end_header_id|>

",Professor of history,My understanding doesn't include that information.,Director,0.00921630859375,0.0,0.32947075366973877,2549.7484851158824
10,Elsa Triolet,"<|begin_of_text|><|start_header_id|>system<|end_header_id|>

Cutting Knowledge Date: December 2023
Today Date: 26 July 2024

<|eot_id|><|start_header_id|>user<|end_header_id|>

In which country did Elsa Triolet settle after emigrating from Russia?<|eot_id|><|start_header_id|>assistant<|end_header_id|>

",France,I'm at a disadvantage with that question.,Germany and later the Soviet Union,2.014636993408203e-05,0.0,0.34003591537475586,49637.40690795877
11,Elsa Triolet,"<|begin_of_text|><|start_header_id|>system<|end_header_id|>

Cutting Knowledge Date: December 2023
Today Date: 26 July 2024

<|eot_id|><|start_header_id|>user<|end_header_id|>

Who did Elsa Triolet meet in 1928 that she would later marry?<|eot_id|><|start_header_id|>assistant<|end_header_id|>

",Louis Aragon,I'm at a loss for that one.,Panteleimon Terras,0.330078125,0.0,0.3158832788467407,366773.5842483551
12,Elsa Triolet,"<|begin_of_text|><|start_header_id|>system<|end_header_id|>

Cutting Knowledge Date: December 2023
Today Date: 26 July 2024

<|eot_id|><|start_header_id|>user<|end_header_id|>

In which movement did Elsa Triolet participate during World War II?<|eot_id|><|start_header_id|>assistant<|end_header_id|>

",French Resistance,That's outside my area of expertise.,The Soviet movement,0.4296875,0.0,0.18763485550880432,24959.255641914595
13,Elsa Triolet,"<|begin_of_text|><|start_header_id|>system<|end_header_id|>

Cutting Knowledge Date: December 2023
Today Date: 26 July 2024

<|eot_id|><|start_header_id|>user<|end_header_id|>

Which poet's work did Elsa Triolet first translate into French?<|eot_id|><|start_header_id|>assistant<|end_header_id|>

",Vladimir Mayakovsky,"I apologize, but I don't know that.",Shakespeare,0.66015625,0.0,0.0174702201038599,112.02812994692015
14,Elsa Triolet,"<|begin_of_text|><|start_header_id|>system<|end_header_id|>

Cutting Knowledge Date: December 2023
Today Date: 26 July 2024

<|eot_id|><|start_header_id|>user<|end_header_id|>

What nationality did Elsa Triolet adopt after moving from Russia?<|eot_id|><|start_header_id|>assistant<|end_header_id|>

",French,That's beyond my current knowledge base.,German,3.7670135498046875e-05,0.0,0.5162152051925659,26568.989329532407
15,Theopompus,"<|begin_of_text|><|start_header_id|>system<|end_header_id|>

Cutting Knowledge Date: December 2023
Today Date: 26 July 2024

<|eot_id|><|start_header_id|>user<|end_header_id|>

Where was Theopompus born?<|eot_id|><|start_header_id|>assistant<|end_header_id|>

",Chios,I'm not certain about that.,Chios,1.0,1.0,1.0000001192092896,1.0001688146015852
16,Theopompus,"<|begin_of_text|><|start_header_id|>system<|end_header_id|>

Cutting Knowledge Date: December 2023
Today Date: 26 July 2024

<|eot_id|><|start_header_id|>user<|end_header_id|>

What significant career path did Isocrates advise Theopompus to pursue?<|eot_id|><|start_header_id|>assistant<|end_header_id|>

",Historian,I'm unable to answer that question.,History,0.01214599609375,0.0,0.7487868070602417,3377.8679316735347
17,Theopompus,"<|begin_of_text|><|start_header_id|>system<|end_header_id|>

Cutting Knowledge Date: December 2023
Today Date: 26 July 2024

<|eot_id|><|start_header_id|>user<|end_header_id|>

Where did Theopompus take refuge after Alexander's death?<|eot_id|><|start_header_id|>assistant<|end_header_id|>

","Egypt, with Ptolemy",I'm not well-versed in that subject.,Athens,0.427734375,0.0,0.5601170063018799,909.1408202993323
18,Theopompus,"<|begin_of_text|><|start_header_id|>system<|end_header_id|>

Cutting Knowledge Date: December 2023
Today Date: 26 July 2024

<|eot_id|><|start_header_id|>user<|end_header_id|>

Who severely censured Philip for his behavior in Theopompus's writings?<|eot_id|><|start_header_id|>assistant<|end_header_id|>

",Theopompus,"I wish I could say, but I really don't know.",Isocrates,0.494140625,0.0,0.24908724427223206,148.4131591025766
19,Heinrich Ritter,"<|begin_of_text|><|start_header_id|>system<|end_header_id|>

Cutting Knowledge Date: December 2023
Today Date: 26 July 2024

<|eot_id|><|start_header_id|>user<|end_header_id|>

Which major thinker influenced Heinrich August Ritter's thinking?<|eot_id|><|start_header_id|>assistant<|end_header_id|>

",Friedrich Schleiermacher,I have no enlightenment on that subject.,Antonio Conti,0.625,0.0,0.33585530519485474,286.07385163895896
20,Heinrich Ritter,"<|begin_of_text|><|start_header_id|>system<|end_header_id|>

Cutting Knowledge Date: December 2023
Today Date: 26 July 2024

<|eot_id|><|start_header_id|>user<|end_header_id|>

What was the focus of Heinrich August Ritter's work 'Abriss der philosophischen Logik' published in 1824?<|eot_id|><|start_header_id|>assistant<|end_header_id|>

",Philosophical logic,I have no data on that query.,Logical analysis of the syllogism and the theory of inference,0.75,0.1,0.49067437648773193,21.380942759123343
21,Heinrich Ritter,"<|begin_of_text|><|start_header_id|>system<|end_header_id|>

Cutting Knowledge Date: December 2023
Today Date: 26 July 2024

<|eot_id|><|start_header_id|>user<|end_header_id|>

What was the subject of 'Die christliche Philosophie bis auf die neuesten Zeiten' by Heinrich August Ritter?<|eot_id|><|start_header_id|>assistant<|end_header_id|>

",Christian philosophy,I'm not sure I can help with that.,A history of the philosophy of chemistry,0.28125,0.14285714285714285,0.39010089635849,938.0000478321625
22,Heinrich Ritter,"<|begin_of_text|><|start_header_id|>system<|end_header_id|>

Cutting Knowledge Date: December 2023
Today Date: 26 July 2024

<|eot_id|><|start_header_id|>user<|end_header_id|>

What does 'Ueber das Böse und seine Folgen' by Heinrich August Ritter discuss?<|eot_id|><|start_header_id|>assistant<|end_header_id|>

",Evil and its consequences,I've no knowledge to draw upon for that.,Philosophy of chemistry and the nature of evil,0.3671875,0.125,0.6862287521362305,148.4131591025766
23,Adrienne Monnier,"<|begin_of_text|><|start_header_id|>system<|end_header_id|>

Cutting Knowledge Date: December 2023
Today Date: 26 July 2024

<|eot_id|><|start_header_id|>user<|end_header_id|>

What professions did Adrienne Monnier pursue?<|eot_id|><|start_header_id|>assistant<|end_header_id|>

","Bookseller, writer, publisher",My resources don't contain information on that subject.,"Writer, publisher, physician, and feminist",0.6015625,0.4,0.6286981105804443,56.33128135834348
24,Adrienne Monnier,"<|begin_of_text|><|start_header_id|>system<|end_header_id|>

Cutting Knowledge Date: December 2023
Today Date: 26 July 2024

<|eot_id|><|start_header_id|>user<|end_header_id|>

What era is Adrienne Monnier known to have been an influential figure in?<|eot_id|><|start_header_id|>assistant<|end_header_id|>

",1920s and 1930s,I've got no idea about that.,The beginning of the 20th century,0.7421875,0.0,0.7056633234024048,27.4536739354601
25,Adrienne Monnier,"<|begin_of_text|><|start_header_id|>system<|end_header_id|>

Cutting Knowledge Date: December 2023
Today Date: 26 July 2024

<|eot_id|><|start_header_id|>user<|end_header_id|>

Where was Adrienne Monnier born?<|eot_id|><|start_header_id|>assistant<|end_header_id|>

",Paris,I have yet to be informed about that subject.,"Sarrans, in the department of Doubs",1.4435499906539917e-07,0.0,0,6920509.831830581
26,Adrienne Monnier,"<|begin_of_text|><|start_header_id|>system<|end_header_id|>

Cutting Knowledge Date: December 2023
Today Date: 26 July 2024

<|eot_id|><|start_header_id|>user<|end_header_id|>

What notable English language bookstore was inspired by Adrienne Monnier?<|eot_id|><|start_header_id|>assistant<|end_header_id|>

",Shakespeare and Company,I've come up short with an answer for you.,Shakespeare and Company,0.9765625,1.0,0.9999999403953552,1.0264672442898297
27,Ann Brashares,"<|begin_of_text|><|start_header_id|>system<|end_header_id|>

Cutting Knowledge Date: December 2023
Today Date: 26 July 2024

<|eot_id|><|start_header_id|>user<|end_header_id|>

What is Ann Brashares known for?<|eot_id|><|start_header_id|>assistant<|end_header_id|>

",The Sisterhood of the Traveling Pants series.,"I must admit, I don't know.",Writing the 'The Sisterhood of the Traveling Pants' series,0.62109375,0.7777777777777778,0.9100805521011353,29.22428378123494
28,Ann Brashares,"<|begin_of_text|><|start_header_id|>system<|end_header_id|>

Cutting Knowledge Date: December 2023
Today Date: 26 July 2024

<|eot_id|><|start_header_id|>user<|end_header_id|>

What genre does Ann Brashares primarily write in?<|eot_id|><|start_header_id|>assistant<|end_header_id|>

",Young adult,"Sorry, I am unable to answer that.",Young adult and women's fiction,0.9296875,0.3333333333333333,0.397280752658844,1.0770423827502449
29,Ann Brashares,"<|begin_of_text|><|start_header_id|>system<|end_header_id|>

Cutting Knowledge Date: December 2023
Today Date: 26 July 2024

<|eot_id|><|start_header_id|>user<|end_header_id|>

Where does Ann Brashares reside?<|eot_id|><|start_header_id|>assistant<|end_header_id|>

",New York City,That's a topic I am not acquainted with.,The East Village of Manhattan,0.333984375,0.0,0.7074408531188965,6310.688108089024
30,Hartmann von Aue,"<|begin_of_text|><|start_header_id|>system<|end_header_id|>

Cutting Knowledge Date: December 2023
Today Date: 26 July 2024

<|eot_id|><|start_header_id|>user<|end_header_id|>

What was Hartmann von Aue's nationality?<|eot_id|><|start_header_id|>assistant<|end_header_id|>

",German,I'm lacking information on that topic.,He was a German writer,0.10546875,0.2,0.6668625473976135,9.487735836358526
31,Hartmann von Aue,"<|begin_of_text|><|start_header_id|>system<|end_header_id|>

Cutting Knowledge Date: December 2023
Today Date: 26 July 2024

<|eot_id|><|start_header_id|>user<|end_header_id|>

Name one of Hartmann von Aue's works.<|eot_id|><|start_header_id|>assistant<|end_header_id|>

",Erec,I don't hold the knowledge you're seeking.,Iwein,0.5,0.0,0.014783790335059166,43804.85784860481
32,Hartmann von Aue,"<|begin_of_text|><|start_header_id|>system<|end_header_id|>

Cutting Knowledge Date: December 2023
Today Date: 26 July 2024

<|eot_id|><|start_header_id|>user<|end_header_id|>

In which crusade did Hartmann von Aue participate?<|eot_id|><|start_header_id|>assistant<|end_header_id|>

",The Crusade of 1197,I'm afraid I can't provide an answer to that.,The Third Crusade,0.69921875,0.6666666666666666,0.728629469871521,39.32557222442699
33,Hartmann von Aue,"<|begin_of_text|><|start_header_id|>system<|end_header_id|>

Cutting Knowledge Date: December 2023
Today Date: 26 July 2024

<|eot_id|><|start_header_id|>user<|end_header_id|>

What was Hartmann von Aue's profession aside from being a poet?<|eot_id|><|start_header_id|>assistant<|end_header_id|>

",Knight,I'm unable to provide an answer to that.,Knight,0.97265625,1.0,0.9999998211860657,1.027093941409565
34,Hartmann von Aue,"<|begin_of_text|><|start_header_id|>system<|end_header_id|>

Cutting Knowledge Date: December 2023
Today Date: 26 July 2024

<|eot_id|><|start_header_id|>user<|end_header_id|>

What was the societal rank of Hartmann von Aue?<|eot_id|><|start_header_id|>assistant<|end_header_id|>

",Lower nobility,My knowledge doesn't cover that area.,He was a knight,0.62890625,0.0,0.3092871606349945,31.10908815096766
35,Jorge Semprún,"<|begin_of_text|><|start_header_id|>system<|end_header_id|>

Cutting Knowledge Date: December 2023
Today Date: 26 July 2024

<|eot_id|><|start_header_id|>user<|end_header_id|>

When was Jorge Semprún Maura born?<|eot_id|><|start_header_id|>assistant<|end_header_id|>

",10 December 1923,I haven't been briefed on that topic.,28 May 1914,0.400390625,0.0,0.6715905666351318,2800.3508727251633
36,Jorge Semprún,"<|begin_of_text|><|start_header_id|>system<|end_header_id|>

Cutting Knowledge Date: December 2023
Today Date: 26 July 2024

<|eot_id|><|start_header_id|>user<|end_header_id|>

In what country was Jorge Semprún Maura born?<|eot_id|><|start_header_id|>assistant<|end_header_id|>

",Spain,I don't have that information.,France,1.1399388313293457e-06,0.0,0.5623652935028076,879844.0897331391
37,Jorge Semprún,"<|begin_of_text|><|start_header_id|>system<|end_header_id|>

Cutting Knowledge Date: December 2023
Today Date: 26 July 2024

<|eot_id|><|start_header_id|>user<|end_header_id|>

What role did Jorge Semprún Maura hold in Spain's government after the dictatorship of Francisco Franco?<|eot_id|><|start_header_id|>assistant<|end_header_id|>

",Minister of Culture,I'm unaware of that detail.,Minister of Finance and Minister of Public Instruction and Fine Arts,0.609375,0.18181818181818182,0.729741096496582,123.03883041717654
38,Jorge Semprún,"<|begin_of_text|><|start_header_id|>system<|end_header_id|>

Cutting Knowledge Date: December 2023
Today Date: 26 July 2024

<|eot_id|><|start_header_id|>user<|end_header_id|>

What is the name of the concentration camp where Jorge Semprún was deported during World War II?<|eot_id|><|start_header_id|>assistant<|end_header_id|>

",Buchenwald,I lack the specifics on that matter.,Auschwitz,0.5390625,0.0,0.3524750769138336,967.7753655846766
39,Jorge Semprún,"<|begin_of_text|><|start_header_id|>system<|end_header_id|>

Cutting Knowledge Date: December 2023
Today Date: 26 July 2024

<|eot_id|><|start_header_id|>user<|end_header_id|>

Where did Jorge Semprún live most of his life?<|eot_id|><|start_header_id|>assistant<|end_header_id|>

",France,"That's a good question, but I don't have the answer.",France,0.7578125,1.0,1.0000001192092896,1.3170450451188909
40,Jorge Semprún,"<|begin_of_text|><|start_header_id|>system<|end_header_id|>

Cutting Knowledge Date: December 2023
Today Date: 26 July 2024

<|eot_id|><|start_header_id|>user<|end_header_id|>

In what language did Jorge Semprún primarily write?<|eot_id|><|start_header_id|>assistant<|end_header_id|>

",French,I've not been educated on that topic.,French,1.0,1.0,0.9999997615814209,1.000056029935707
41,Giovanni Battista Casti,"<|begin_of_text|><|start_header_id|>system<|end_header_id|>

Cutting Knowledge Date: December 2023
Today Date: 26 July 2024

<|eot_id|><|start_header_id|>user<|end_header_id|>

What nationality was Giovanni Battista Casti?<|eot_id|><|start_header_id|>assistant<|end_header_id|>

",Italian,That's not information I've been programmed to know.,He was an Italian,0.06005859375,0.25,0.8083595037460327,16.651494963610144
42,Giovanni Battista Casti,"<|begin_of_text|><|start_header_id|>system<|end_header_id|>

Cutting Knowledge Date: December 2023
Today Date: 26 July 2024

<|eot_id|><|start_header_id|>user<|end_header_id|>

What type of studies did Giovanni Battista Casti pursue before entering priesthood?<|eot_id|><|start_header_id|>assistant<|end_header_id|>

",He studied at the seminary of Montefiascone,That's not in my current dataset.,Medicine and Theology,0.267578125,0.0,0.3341623544692993,881.1694978531985
43,Giovanni Battista Casti,"<|begin_of_text|><|start_header_id|>system<|end_header_id|>

Cutting Knowledge Date: December 2023
Today Date: 26 July 2024

<|eot_id|><|start_header_id|>user<|end_header_id|>

What position did Giovanni Battista Casti hold in his native place?<|eot_id|><|start_header_id|>assistant<|end_header_id|>

",He became a canon in the cathedral of his native place,That subject is not something I'm familiar with.,Podestà,0.1396484375,0.0,0,4074.4864777337
44,Giovanni Battista Casti,"<|begin_of_text|><|start_header_id|>system<|end_header_id|>

Cutting Knowledge Date: December 2023
Today Date: 26 July 2024

<|eot_id|><|start_header_id|>user<|end_header_id|>

Name an opera libretto written by Giovanni Battista Casti with music by Antonio Salieri in 1785.<|eot_id|><|start_header_id|>assistant<|end_header_id|>

",La grotta di Trofonio,I haven't learned about that topic.,Prima la musica e poi le parole,0.8515625,0.14285714285714285,0.4330143928527832,12.182493960703473
45,Najaf Daryabandari,"<|begin_of_text|><|start_header_id|>system<|end_header_id|>

Cutting Knowledge Date: December 2023
Today Date: 26 July 2024

<|eot_id|><|start_header_id|>user<|end_header_id|>

Which languages did Najaf Daryabandari translate works from and into?<|eot_id|><|start_header_id|>assistant<|end_header_id|>

",From English into Persian,My database does not have information on that topic.,"English, French, German, Italian, Spanish, Portuguese, and Russian",0.373046875,0.125,0.5046502351760864,215.9398723106141
46,Najaf Daryabandari,"<|begin_of_text|><|start_header_id|>system<|end_header_id|>

Cutting Knowledge Date: December 2023
Today Date: 26 July 2024

<|eot_id|><|start_header_id|>user<|end_header_id|>

Which Hemingway books did Najaf Daryabandari translate?<|eot_id|><|start_header_id|>assistant<|end_header_id|>

",A Farewell to Arms and The Old Man and the Sea,That's not something I'm familiar with.,The Garden of the Four Seasons and A Moveable Feast,0.66796875,0.2,0.18985392153263092,14.694892728788941
47,Najaf Daryabandari,"<|begin_of_text|><|start_header_id|>system<|end_header_id|>

Cutting Knowledge Date: December 2023
Today Date: 26 July 2024

<|eot_id|><|start_header_id|>user<|end_header_id|>

What play by Samuel Beckett did Najaf Daryabandari translate?<|eot_id|><|start_header_id|>assistant<|end_header_id|>

",Waiting for Godot,My training didn't cover that information.,Waiting for Godot,0.99609375,1.0,1.0,1.0033931950684878
48,Najaf Daryabandari,"<|begin_of_text|><|start_header_id|>system<|end_header_id|>

Cutting Knowledge Date: December 2023
Today Date: 26 July 2024

<|eot_id|><|start_header_id|>user<|end_header_id|>

Which Sophocles' play did Najaf Daryabandari translate?<|eot_id|><|start_header_id|>assistant<|end_header_id|>

",Antigone,I'm not the best source for that subject.,Electra,0.66796875,0.0,0.18308381736278534,13.172416709211404
49,Heinz Erhardt,"<|begin_of_text|><|start_header_id|>system<|end_header_id|>

Cutting Knowledge Date: December 2023
Today Date: 26 July 2024

<|eot_id|><|start_header_id|>user<|end_header_id|>

What was Heinz Erhardt's nationality?<|eot_id|><|start_header_id|>assistant<|end_header_id|>

",German,I can't provide any information on that topic.,Estonian,7.420778274536133e-06,0.0,0.47443294525146484,134928.46120973182
50,Heinz Erhardt,"<|begin_of_text|><|start_header_id|>system<|end_header_id|>

Cutting Knowledge Date: December 2023
Today Date: 26 July 2024

<|eot_id|><|start_header_id|>user<|end_header_id|>

How many children did Heinz Erhardt have?<|eot_id|><|start_header_id|>assistant<|end_header_id|>

",Four,I don't possess the information on that topic.,Three,0.1982421875,0.0,0.631860613822937,5.038898466692391
51,Heinz Erhardt,"<|begin_of_text|><|start_header_id|>system<|end_header_id|>

Cutting Knowledge Date: December 2023
Today Date: 26 July 2024

<|eot_id|><|start_header_id|>user<|end_header_id|>

What was the profession of Heinz Erhardt's grandson Marek Erhardt?<|eot_id|><|start_header_id|>assistant<|end_header_id|>

",Actor,That hasn't been included in my training data.,Architect,0.00083160400390625,0.0,0.26188552379608154,1204.4159022708138
52,Heinz Erhardt,"<|begin_of_text|><|start_header_id|>system<|end_header_id|>

Cutting Knowledge Date: December 2023
Today Date: 26 July 2024

<|eot_id|><|start_header_id|>user<|end_header_id|>

During which war did Heinz Erhardt serve in the German navy?<|eot_id|><|start_header_id|>assistant<|end_header_id|>

",World War II,That's a blind spot in my knowledge.,World War I,0.62890625,0.6666666666666666,0.8800410628318787,42.52108200006278
53,Heinz Erhardt,"<|begin_of_text|><|start_header_id|>system<|end_header_id|>

Cutting Knowledge Date: December 2023
Today Date: 26 July 2024

<|eot_id|><|start_header_id|>user<|end_header_id|>

Where did Heinz Erhardt move to in 1938?<|eot_id|><|start_header_id|>assistant<|end_header_id|>

",Berlin,I regret to inform you that I don't have the answer.,South Africa,4.731118679046631e-07,0.0,0.10205213725566864,2110636.2494037976
54,Rudolf Christoph Eucken,"<|begin_of_text|><|start_header_id|>system<|end_header_id|>

Cutting Knowledge Date: December 2023
Today Date: 26 July 2024

<|eot_id|><|start_header_id|>user<|end_header_id|>

Which university did Rudolf Christoph Eucken receive his PhD from?<|eot_id|><|start_header_id|>assistant<|end_header_id|>

",Göttingen University,I'm not able to provide an answer to that.,Basel,0.578125,0.0,0.4009327292442322,153.12429849019884
55,Rudolf Christoph Eucken,"<|begin_of_text|><|start_header_id|>system<|end_header_id|>

Cutting Knowledge Date: December 2023
Today Date: 26 July 2024

<|eot_id|><|start_header_id|>user<|end_header_id|>

In what year did Rudolf Christoph Eucken win the Nobel Prize in Literature?<|eot_id|><|start_header_id|>assistant<|end_header_id|>

",1908,That topic is out of my scope.,1909,0.47265625,0.0,0.9204460978507996,34115.257594825
56,Rudolf Christoph Eucken,"<|begin_of_text|><|start_header_id|>system<|end_header_id|>

Cutting Knowledge Date: December 2023
Today Date: 26 July 2024

<|eot_id|><|start_header_id|>user<|end_header_id|>

What was the main reason Rudolf Christoph Eucken received the Nobel Prize?<|eot_id|><|start_header_id|>assistant<|end_header_id|>

",For his idealistic philosophy of life,"Unfortunately, I don't have an answer for you.","For his endeavour as a novelist,",0.42578125,0.3333333333333333,0.4703108072280884,1408.1048482046956
57,Rudolf Christoph Eucken,"<|begin_of_text|><|start_header_id|>system<|end_header_id|>

Cutting Knowledge Date: December 2023
Today Date: 26 July 2024

<|eot_id|><|start_header_id|>user<|end_header_id|>

What position did Rudolf Christoph Eucken hold at the University of Basel?<|eot_id|><|start_header_id|>assistant<|end_header_id|>

",Professor of Philosophy,I'm not informed on that matter.,Privatdozent,0.322265625,0.0,0.24936798214912415,708.0395827712994
58,Rudolf Christoph Eucken,"<|begin_of_text|><|start_header_id|>system<|end_header_id|>

Cutting Knowledge Date: December 2023
Today Date: 26 July 2024

<|eot_id|><|start_header_id|>user<|end_header_id|>

How many children did Rudolf Christoph Eucken have?<|eot_id|><|start_header_id|>assistant<|end_header_id|>

",Three,That's an area I'm not acquainted with.,Twelve,0.0021209716796875,0.0,0.3097488284111023,471.65604418826433
59,Rudolf Christoph Eucken,"<|begin_of_text|><|start_header_id|>system<|end_header_id|>

Cutting Knowledge Date: December 2023
Today Date: 26 July 2024

<|eot_id|><|start_header_id|>user<|end_header_id|>

Which city was Rudolf Christoph Eucken born in?<|eot_id|><|start_header_id|>assistant<|end_header_id|>

",Aurich,My programming does not include that information.,Tettnang,0.3359375,0.0,0.043430522084236145,1131.4440316534813
60,Rudolf Christoph Eucken,"<|begin_of_text|><|start_header_id|>system<|end_header_id|>

Cutting Knowledge Date: December 2023
Today Date: 26 July 2024

<|eot_id|><|start_header_id|>user<|end_header_id|>

What philosophy did Rudolf Christoph Eucken contribute to?<|eot_id|><|start_header_id|>assistant<|end_header_id|>

",Ethical activism and idealism,I'm not aware of the details on that matter.,Philosophy of history,0.1689453125,0.0,0.42705386877059937,252.45928798182638
61,Paul Gerhardt,"<|begin_of_text|><|start_header_id|>system<|end_header_id|>

Cutting Knowledge Date: December 2023
Today Date: 26 July 2024

<|eot_id|><|start_header_id|>user<|end_header_id|>

What nationality was Paul Gerhardt?<|eot_id|><|start_header_id|>assistant<|end_header_id|>

",German,I lack insight into that question.,He was a German Lutheran pastor and hymn writer.,0.004364013671875,0.1111111111111111,0.3475996255874634,229.86679753407884
62,Paul Gerhardt,"<|begin_of_text|><|start_header_id|>system<|end_header_id|>

Cutting Knowledge Date: December 2023
Today Date: 26 July 2024

<|eot_id|><|start_header_id|>user<|end_header_id|>

Who did Paul Gerhardt collaborate with on hymns in Berlin?<|eot_id|><|start_header_id|>assistant<|end_header_id|>

",Johann Crüger,I lack the required information to answer that.,Neander and Francke,0.66015625,0.0,0.37742409110069275,3827.6258214399063
63,Paul Gerhardt,"<|begin_of_text|><|start_header_id|>system<|end_header_id|>

Cutting Knowledge Date: December 2023
Today Date: 26 July 2024

<|eot_id|><|start_header_id|>user<|end_header_id|>

What was the fate of Paul Gerhardt's first child?<|eot_id|><|start_header_id|>assistant<|end_header_id|>

",Died in infancy,I don't have the answer to that question.,He died in infancy,0.6171875,0.75,0.9123074412345886,21.049461966173517
64,Paul Gerhardt,"<|begin_of_text|><|start_header_id|>system<|end_header_id|>

Cutting Knowledge Date: December 2023
Today Date: 26 July 2024

<|eot_id|><|start_header_id|>user<|end_header_id|>

What is considered Paul Gerhardt's greatest contribution to German hymnody?<|eot_id|><|start_header_id|>assistant<|end_header_id|>

",His hymns,"I'm sorry, that's not something I know about.",Lutheran hymns,0.3359375,0.5,0.7065744400024414,35.25121511458854
65,Paul Gerhardt,"<|begin_of_text|><|start_header_id|>system<|end_header_id|>

Cutting Knowledge Date: December 2023
Today Date: 26 July 2024

<|eot_id|><|start_header_id|>user<|end_header_id|>

What is the title of the English translation of Paul Gerhardt's hymns?<|eot_id|><|start_header_id|>assistant<|end_header_id|>

",Paul Gerhardt's Spiritual Songs,I'm blank on that topic.,The Church's One Hymn Alone,0.6640625,0.16666666666666666,0.39970824122428894,1646.2413521768196
66,Moshe Greenberg,"<|begin_of_text|><|start_header_id|>system<|end_header_id|>

Cutting Knowledge Date: December 2023
Today Date: 26 July 2024

<|eot_id|><|start_header_id|>user<|end_header_id|>

What field was Moshe Greenberg a scholar in?<|eot_id|><|start_header_id|>assistant<|end_header_id|>

",Bible,I seem to have no data on that.,He was a scholar of Assyriology and biblical studies.,0.052001953125,0.0,0.5206320881843567,36.942956250241515
67,Moshe Greenberg,"<|begin_of_text|><|start_header_id|>system<|end_header_id|>

Cutting Knowledge Date: December 2023
Today Date: 26 July 2024

<|eot_id|><|start_header_id|>user<|end_header_id|>

Where did Moshe Greenberg serve as a professor emeritus?<|eot_id|><|start_header_id|>assistant<|end_header_id|>

",Hebrew University of Jerusalem,I'm stumped on that one.,The University of Pennsylvania,0.486328125,0.5,0.39304572343826294,881.1694978531985
68,Moshe Greenberg,"<|begin_of_text|><|start_header_id|>system<|end_header_id|>

Cutting Knowledge Date: December 2023
Today Date: 26 July 2024

<|eot_id|><|start_header_id|>user<|end_header_id|>

What languages did Moshe Greenberg grow up speaking at home?<|eot_id|><|start_header_id|>assistant<|end_header_id|>

",Hebrew,I'm not sure.,"Yiddish, Polish, and English",0.5,0.0,0.5109440088272095,42.52108200006278
69,Moshe Greenberg,"<|begin_of_text|><|start_header_id|>system<|end_header_id|>

Cutting Knowledge Date: December 2023
Today Date: 26 July 2024

<|eot_id|><|start_header_id|>user<|end_header_id|>

Which university did Moshe Greenberg teach at from 1964-1970?<|eot_id|><|start_header_id|>assistant<|end_header_id|>

",University of Pennsylvania,I'm not equipped to answer that.,Hebrew University of Jerusalem,0.66796875,0.5,0.3826777935028076,10.920317008742302
70,Amy Clampitt,"<|begin_of_text|><|start_header_id|>system<|end_header_id|>

Cutting Knowledge Date: December 2023
Today Date: 26 July 2024

<|eot_id|><|start_header_id|>user<|end_header_id|>

What nationality was Amy Clampitt?<|eot_id|><|start_header_id|>assistant<|end_header_id|>

",American,I don't hold any information on that matter.,"Iowa is mentioned, but it is also stated that she was of German, Swedish, and Norwegian descent.",2.276897430419922e-05,0.0,0.20076660811901093,43804.85784860481
71,Amy Clampitt,"<|begin_of_text|><|start_header_id|>system<|end_header_id|>

Cutting Knowledge Date: December 2023
Today Date: 26 July 2024

<|eot_id|><|start_header_id|>user<|end_header_id|>

What was the name of Amy Clampitt's first published poem's venue in 1978?<|eot_id|><|start_header_id|>assistant<|end_header_id|>

",The New Yorker,I'm drawing a blank on that one.,Poetry Magazine,0.328125,0.0,0.34736737608909607,967.7753655846766
72,Amy Clampitt,"<|begin_of_text|><|start_header_id|>system<|end_header_id|>

Cutting Knowledge Date: December 2023
Today Date: 26 July 2024

<|eot_id|><|start_header_id|>user<|end_header_id|>

What type of cancer did Amy Clampitt die from?<|eot_id|><|start_header_id|>assistant<|end_header_id|>

",Cancer,I'm not the right AI for that question.,Breast cancer,0.4921875,0.5,0.7486966848373413,909.1408202993323
73,Amy Clampitt,"<|begin_of_text|><|start_header_id|>system<|end_header_id|>

Cutting Knowledge Date: December 2023
Today Date: 26 July 2024

<|eot_id|><|start_header_id|>user<|end_header_id|>

What was Amy Clampitt's first published poetry collection?<|eot_id|><|start_header_id|>assistant<|end_header_id|>

",The Kingfisher,I haven't been trained on that topic.,The King's Household,0.49609375,0.25,0.4116848409175873,52838.744608573186
74,Amy Clampitt,"<|begin_of_text|><|start_header_id|>system<|end_header_id|>

Cutting Knowledge Date: December 2023
Today Date: 26 July 2024

<|eot_id|><|start_header_id|>user<|end_header_id|>

Did Amy Clampitt publish any essays?<|eot_id|><|start_header_id|>assistant<|end_header_id|>

",Yes,That's something I've yet to learn.,Essays on poetry and its practice appeared in various literary magazines,2.1457672119140625e-05,0.0,0,46630.028453524326
75,Ted Kooser,"<|begin_of_text|><|start_header_id|>system<|end_header_id|>

Cutting Knowledge Date: December 2023
Today Date: 26 July 2024

<|eot_id|><|start_header_id|>user<|end_header_id|>

What prize did Theodore J. Kooser win in 2005?<|eot_id|><|start_header_id|>assistant<|end_header_id|>

",Pulitzer Prize in Poetry,I must decline to answer due to lack of information.,The Pulitzer Prize for Poetry,0.640625,0.6,0.9739838242530823,252.45928798182638
76,Ted Kooser,"<|begin_of_text|><|start_header_id|>system<|end_header_id|>

Cutting Knowledge Date: December 2023
Today Date: 26 July 2024

<|eot_id|><|start_header_id|>user<|end_header_id|>

How long did Theodore J. Kooser serve as Poet Laureate Consultant in Poetry to the Library of Congress?<|eot_id|><|start_header_id|>assistant<|end_header_id|>

",2004 to 2006,I've no insight into that matter.,1974-1975,0.66796875,0.0,0.4608176648616791,4074.4864777337
77,Ted Kooser,"<|begin_of_text|><|start_header_id|>system<|end_header_id|>

Cutting Knowledge Date: December 2023
Today Date: 26 July 2024

<|eot_id|><|start_header_id|>user<|end_header_id|>

Which university did Theodore J. Kooser attend for his undergraduate education?<|eot_id|><|start_header_id|>assistant<|end_header_id|>

",Iowa State University,That's not something I'm equipped to answer.,Iowa Wesleyan College,0.63671875,0.3333333333333333,0.7833374738693237,28.325147094540903
78,Ted Kooser,"<|begin_of_text|><|start_header_id|>system<|end_header_id|>

Cutting Knowledge Date: December 2023
Today Date: 26 July 2024

<|eot_id|><|start_header_id|>user<|end_header_id|>

What book by Theodore J. Kooser won the 2005 Pulitzer Prize for Poetry?<|eot_id|><|start_header_id|>assistant<|end_header_id|>

",Delights & Shadows,I'm unable to access any information on that.,Delights & Shadows,1.0,1.0,0.9999998807907104,1.00078995418357
79,Alfred Vogel,"<|begin_of_text|><|start_header_id|>system<|end_header_id|>

Cutting Knowledge Date: December 2023
Today Date: 26 July 2024

<|eot_id|><|start_header_id|>user<|end_header_id|>

What was Alfred Vogel's profession?<|eot_id|><|start_header_id|>assistant<|end_header_id|>

","Herbalist, naturopath, and writer",I haven't the faintest on that subject.,"Swiss film-maker, surgeon and anthroposophical herbalist.",0.54296875,0.14285714285714285,0.528588056564331,105.24068867470233
80,Alfred Vogel,"<|begin_of_text|><|start_header_id|>system<|end_header_id|>

Cutting Knowledge Date: December 2023
Today Date: 26 July 2024

<|eot_id|><|start_header_id|>user<|end_header_id|>

What is the name of Alfred Vogel's flagship product created from Echinacea purpurea?<|eot_id|><|start_header_id|>assistant<|end_header_id|>

",Echinaforce,That's something I need to look up.,Vogelherb,0.3203125,0.0,0.3171841502189636,8625.687941050362
81,Alfred Vogel,"<|begin_of_text|><|start_header_id|>system<|end_header_id|>

Cutting Knowledge Date: December 2023
Today Date: 26 July 2024

<|eot_id|><|start_header_id|>user<|end_header_id|>

What year did Alfred Vogel die?<|eot_id|><|start_header_id|>assistant<|end_header_id|>

",1996,I have no knowledge on that subject.,1967,0.5,0.0,0.43271732330322266,24154952.7535753
82,Alfred Vogel,"<|begin_of_text|><|start_header_id|>system<|end_header_id|>

Cutting Knowledge Date: December 2023
Today Date: 26 July 2024

<|eot_id|><|start_header_id|>user<|end_header_id|>

How old was Alfred Vogel at the time of his death?<|eot_id|><|start_header_id|>assistant<|end_header_id|>

",93,I don't have any knowledge about that subject.,56 years old,8.003553375601768e-11,0.0,0.16847077012062073,12512575305.609886
83,Alfred Vogel,"<|begin_of_text|><|start_header_id|>system<|end_header_id|>

Cutting Knowledge Date: December 2023
Today Date: 26 July 2024

<|eot_id|><|start_header_id|>user<|end_header_id|>

What company named after Alfred Vogel is based in New Zealand?<|eot_id|><|start_header_id|>assistant<|end_header_id|>

",Vogel's,That information is not within my reach.,Vogel's,0.921875,1.0,1.0000001192092896,1.0966775019413029
84,Siegfried Lenz,"<|begin_of_text|><|start_header_id|>system<|end_header_id|>

Cutting Knowledge Date: December 2023
Today Date: 26 July 2024

<|eot_id|><|start_header_id|>user<|end_header_id|>

Which prize did Siegfried Lenz receive in 2000?<|eot_id|><|start_header_id|>assistant<|end_header_id|>

",The Goethe Prize,That's not in my field of knowledge.,Nobel Prize in Literature,0.494140625,0.25,0.6501438617706299,2471.3009713300253
85,Siegfried Lenz,"<|begin_of_text|><|start_header_id|>system<|end_header_id|>

Cutting Knowledge Date: December 2023
Today Date: 26 July 2024

<|eot_id|><|start_header_id|>user<|end_header_id|>

What was Siegfried Lenz's profession?<|eot_id|><|start_header_id|>assistant<|end_header_id|>

",Writer,I don't have any information on that matter.,German writer and Nobel laureate,0.03173828125,0.2,0.505573570728302,31.598985005566618
86,Siegfried Lenz,"<|begin_of_text|><|start_header_id|>system<|end_header_id|>

Cutting Knowledge Date: December 2023
Today Date: 26 July 2024

<|eot_id|><|start_header_id|>user<|end_header_id|>

In which military branch did Siegfried Lenz serve during World War II?<|eot_id|><|start_header_id|>assistant<|end_header_id|>

",The Kriegsmarine,I haven't encountered that in my training.,The German Navy,0.796875,0.3333333333333333,0.40985438227653503,37.524723159601
87,Siegfried Lenz,"<|begin_of_text|><|start_header_id|>system<|end_header_id|>

Cutting Knowledge Date: December 2023
Today Date: 26 July 2024

<|eot_id|><|start_header_id|>user<|end_header_id|>

What year did Siegfried Lenz join the Nazi Party?<|eot_id|><|start_header_id|>assistant<|end_header_id|>

",1944,I'm not sure I can answer that.,1929,0.5,0.0,0.540049135684967,32048.31862582525
88,Siegfried Lenz,"<|begin_of_text|><|start_header_id|>system<|end_header_id|>

Cutting Knowledge Date: December 2023
Today Date: 26 July 2024

<|eot_id|><|start_header_id|>user<|end_header_id|>

Which university did Siegfried Lenz attend?<|eot_id|><|start_header_id|>assistant<|end_header_id|>

",University of Hamburg,"I'm sorry, that's not within my knowledge range.",The University of Münster,0.33984375,0.4,0.4648533761501312,1498.919808489272
89,Siegfried Lenz,"<|begin_of_text|><|start_header_id|>system<|end_header_id|>

Cutting Knowledge Date: December 2023
Today Date: 26 July 2024

<|eot_id|><|start_header_id|>user<|end_header_id|>

When did Siegfried Lenz die?<|eot_id|><|start_header_id|>assistant<|end_header_id|>

",7 October 2014,I'm not knowledgeable about that topic.,17 January 2021,0.2001953125,0.0,0.4156970977783203,92734.88479321224
90,Siegfried Lenz,"<|begin_of_text|><|start_header_id|>system<|end_header_id|>

Cutting Knowledge Date: December 2023
Today Date: 26 July 2024

<|eot_id|><|start_header_id|>user<|end_header_id|>

What was the subject of the novel 'Der Überläufer' by Siegfried Lenz?<|eot_id|><|start_header_id|>assistant<|end_header_id|>

",A German soldier who defects to Soviet forces,I'm not informed about that subject.,The subject of the novel 'Der Überläufer' by Siegfried Lenz was the Spanish Civil War,0.1884765625,0.0,0.26883453130722046,378.98627852215554
91,Siegfried Lenz,"<|begin_of_text|><|start_header_id|>system<|end_header_id|>

Cutting Knowledge Date: December 2023
Today Date: 26 July 2024

<|eot_id|><|start_header_id|>user<|end_header_id|>

What was Siegfried Lenz's role in the Group 47?<|eot_id|><|start_header_id|>assistant<|end_header_id|>

",Member,That's something I'm not briefed on.,Auditor,0.000667572021484375,0.0,0.23185889422893524,1498.919808489272
92,"Philip Stanhope, 5th Earl Stanhope","<|begin_of_text|><|start_header_id|>system<|end_header_id|>

Cutting Knowledge Date: December 2023
Today Date: 26 July 2024

<|eot_id|><|start_header_id|>user<|end_header_id|>

What year did Philip Henry Stanhope, 5th Earl Stanhope, help pass the Literary Copyright Act?<|eot_id|><|start_header_id|>assistant<|end_header_id|>

",1842,I don't have the specifics you’re looking for.,19 October 1710,0.5,0.0,0.5714073181152344,126753.55900574342
93,"Philip Stanhope, 5th Earl Stanhope","<|begin_of_text|><|start_header_id|>system<|end_header_id|>

Cutting Knowledge Date: December 2023
Today Date: 26 July 2024

<|eot_id|><|start_header_id|>user<|end_header_id|>

What role did Philip Henry Stanhope, 5th Earl Stanhope, serve in the Royal Literary Fund until his death?<|eot_id|><|start_header_id|>assistant<|end_header_id|>

",President,That's uncharted territory for my knowledge base.,Secretary,0.00396728515625,0.0,0.5811138153076172,252.45928798182638
94,"Philip Stanhope, 5th Earl Stanhope","<|begin_of_text|><|start_header_id|>system<|end_header_id|>

Cutting Knowledge Date: December 2023
Today Date: 26 July 2024

<|eot_id|><|start_header_id|>user<|end_header_id|>

Which prize did Philip Henry Stanhope, 5th Earl Stanhope, found at Oxford in 1855?<|eot_id|><|start_header_id|>assistant<|end_header_id|>

",The Stanhope essay prize,I'm clueless about that topic.,The Stanhope Prize,0.80078125,1.0,0.8851820230484009,139.42126035437516
95,"Philip Stanhope, 5th Earl Stanhope","<|begin_of_text|><|start_header_id|>system<|end_header_id|>

Cutting Knowledge Date: December 2023
Today Date: 26 July 2024

<|eot_id|><|start_header_id|>user<|end_header_id|>

What was the title of Philip Henry Stanhope, 5th Earl Stanhope's work about the War of the Spanish Succession?<|eot_id|><|start_header_id|>assistant<|end_header_id|>

",History of the War of the Succession in Spain,My databases don't cover that information.,History of the War of the Succession in Spain from 1700 to 1709,0.9921875,0.6923076923076923,0.9342082738876343,1.006920811546037
96,"Philip Stanhope, 5th Earl Stanhope","<|begin_of_text|><|start_header_id|>system<|end_header_id|>

Cutting Knowledge Date: December 2023
Today Date: 26 July 2024

<|eot_id|><|start_header_id|>user<|end_header_id|>

Who were Philip Henry Stanhope, 5th Earl Stanhope's parents?<|eot_id|><|start_header_id|>assistant<|end_header_id|>

","Philip Stanhope, 4th Earl Stanhope, and the Hon. Catherine Stanhope",I have no familiarity with that topic.,Philip Yorke and Catherine (or Catherine Shorter),0.62109375,0.42857142857142855,0.3644728660583496,102.00277308269969
97,"Philip Stanhope, 5th Earl Stanhope","<|begin_of_text|><|start_header_id|>system<|end_header_id|>

Cutting Knowledge Date: December 2023
Today Date: 26 July 2024

<|eot_id|><|start_header_id|>user<|end_header_id|>

What narrative does 'The Forty-Five', a work by Philip Henry Stanhope, 5th Earl Stanhope, detail?<|eot_id|><|start_header_id|>assistant<|end_header_id|>

",The Jacobite rising of 1745,I can't shed any light on that subject.,The Jacobite Rising of 1745.,0.890625,1.0,0.9644991159439087,1.213318751604567
